{"cameraMode":{"drawMode":0,"name":"Shaded","section":"Shading Mode"},"sceneLighting":true,"audioPlay":false,"sceneViewState":{"showFog":true,"showMaterialUpdate":false,"showSkybox":true,"showFlares":true,"showImageEffects":true,"showParticleSystems":true},"in2DMode":false,"pivot":{"x":3.7363247871398927,"y":4.076591968536377,"z":2.355398178100586},"rotation":{"x":0.042808648198843,"y":-0.6081943511962891,"z":0.032873235642910007,"w":0.7919570803642273},"size":11.53304386138916,"orthographic":false}