{"cameraMode":{"drawMode":0,"name":"Shaded","section":"Shading Mode"},"sceneLighting":true,"audioPlay":false,"sceneViewState":{"showFog":true,"showMaterialUpdate":false,"showSkybox":true,"showFlares":true,"showImageEffects":true,"showParticleSystems":true},"in2DMode":false,"pivot":{"x":-0.3688945770263672,"y":2.5969910621643068,"z":3.6612064838409426},"rotation":{"x":0.1051831990480423,"y":-0.5709508657455444,"z":0.07406394928693772,"w":0.8108457326889038},"size":5.72226095199585,"orthographic":false}