{"cameraMode":{"drawMode":0,"name":"Shaded","section":"Shading Mode"},"sceneLighting":true,"audioPlay":false,"sceneViewState":{"showFog":true,"showMaterialUpdate":false,"showSkybox":true,"showFlares":true,"showImageEffects":true,"showParticleSystems":true},"in2DMode":false,"pivot":{"x":-12.914633750915528,"y":2.9281132221221926,"z":-1.4665682315826417},"rotation":{"x":0.028316790238022805,"y":-0.39935702085494997,"z":0.012355301529169083,"w":0.9163138270378113},"size":4.721008777618408,"orthographic":false}