{"cameraMode":{"drawMode":0,"name":"Shaded","section":"Shading Mode"},"sceneLighting":true,"audioPlay":false,"sceneViewState":{"showFog":true,"showMaterialUpdate":false,"showSkybox":true,"showFlares":true,"showImageEffects":true,"showParticleSystems":true},"in2DMode":false,"pivot":{"x":-13.386333465576172,"y":2.159783363342285,"z":9.666326522827149},"rotation":{"x":0.15272743999958039,"y":-0.2088029831647873,"z":0.03302839770913124,"w":0.9654123783111572},"size":11.708762168884278,"orthographic":false}